{"cameraMode":{"drawMode":0,"name":"Shaded","section":"Shading Mode"},"sceneLighting":true,"audioPlay":false,"sceneViewState":{"m_AlwaysRefresh":false,"showFog":true,"showSkybox":true,"showFlares":true,"showImageEffects":true,"showParticleSystems":true,"showVisualEffectGraphs":true,"m_FxEnabled":true},"in2DMode":false,"pivot":{"x":-0.05318155139684677,"y":-0.09263146668672562,"z":-0.2121853530406952},"rotation":{"x":-0.4713132977485657,"y":0.5255749225616455,"z":-0.45986485481262209,"w":-0.5386733412742615},"size":0.5608852505683899,"orthographic":false}