{"cameraMode":{"drawMode":0,"name":"Shaded","section":"Shading Mode"},"sceneLighting":true,"audioPlay":false,"sceneViewState":{"m_AlwaysRefresh":false,"showFog":true,"showSkybox":true,"showFlares":true,"showImageEffects":true,"showParticleSystems":true,"showVisualEffectGraphs":true,"m_FxEnabled":true},"in2DMode":false,"pivot":{"x":2.7268757820129396,"y":0.9791623950004578,"z":4.208341121673584},"rotation":{"x":-0.31144097447395327,"y":0.4951818883419037,"z":-0.1959523856639862,"w":-0.7870307564735413},"size":2.6207029819488527,"orthographic":true}