{"cameraMode":{"drawMode":0,"name":"Shaded","section":"Shading Mode"},"sceneLighting":true,"audioPlay":false,"sceneViewState":{"m_AlwaysRefresh":false,"showFog":true,"showSkybox":true,"showFlares":true,"showImageEffects":true,"showParticleSystems":true,"showVisualEffectGraphs":true,"m_FxEnabled":true},"in2DMode":false,"pivot":{"x":1.5452938079833985,"y":0.793306291103363,"z":3.837332248687744},"rotation":{"x":0.01633194461464882,"y":0.9749786853790283,"z":-0.07650500535964966,"w":0.20811569690704347},"size":2.1443357467651369,"orthographic":true}