{"cameraMode":{"drawMode":0,"name":"Shaded","section":"Shading Mode"},"sceneLighting":true,"audioPlay":false,"sceneViewState":{"m_AlwaysRefresh":false,"showFog":true,"showSkybox":true,"showFlares":true,"showImageEffects":true,"showParticleSystems":true,"showVisualEffectGraphs":true,"m_FxEnabled":true},"in2DMode":false,"pivot":{"x":2.0029702186584474,"y":-0.40954405069351199,"z":2.017594814300537},"rotation":{"x":-0.017702598124742509,"y":0.9782077670097351,"z":-0.18438653647899629,"w":-0.09389942139387131},"size":1.3412808179855347,"orthographic":true}